{"sub_spur": {}, "spur_mask": {"mask": [-999.0, -21.35797691, -999.0, -999.0, 3050000000.0, -999.0, -999.0, -999.0, -999.0, -999.0, -999.0, -999.0, -70.50069618, -91.8586731, -2812734.082, -999.0, -999.0, -70.61137581, -91.96935272, 1599250.936, -999.0, -999.0, -70.73467445, -92.09265137, -13940000.0, -999.0, -999.0, -70.57282448, -91.93080139, 13955000.0, -999.0, -999.0, -70.71707344, -92.07505035, -29870000.0, -999.0, -999.0, -69.82637978, -91.18435669, 29690000.0, -999.0, -999.0, -70.09283638, -91.45081329, -46610000.0, -999.0, -999.0, -69.79846382, -91.15644073, 49220000.0, -999.0, -999.0, -999.0, -999.0, 0.0, -999.0, -999.0, -999.0, -999.0, 0.0, -999.0, -999.0, -999.0, -999.0, 0.0, -999.0, -999.0, -999.0, -999.0, 0.0, -70.50069427, -70.6113739, -40.93467331, -40.7228241, -10.96082306, -10.40763092, -10.09283447, -9.798461914, -999.0, -999.0, -999.0, -999.0], "check": "PASS"}, "ccdf": {}, "chp": {}, "acp": {}, "obw": [6398538.112, -21.02400358, 20000000.0, 1001.0, 3000000.0, 2485.161699, 8645284.461, 0.0], "spect": {}, "spur": {}}