{"sub_spur": {}, "spur_mask": {"mask": [-999.0, -21.34976959, -999.0, -999.0, 3050000000.0, -999.0, -999.0, -999.0, -999.0, -999.0, -999.0, -999.0, -70.563797, -91.91356659, -2692883.895, -999.0, -999.0, -70.47653198, -91.82630157, 4026217.228, -999.0, -999.0, -71.69545746, -93.04522705, -13970000.0, -999.0, -999.0, -70.40238953, -91.75215912, 13985000.0, -999.0, -999.0, -71.4644928, -92.81426239, -29915000.0, -999.0, -999.0, -70.53768158, -91.88745117, 29975000.0, -999.0, -999.0, -70.74877167, -92.09854126, -46040000.0, -999.0, -999.0, -69.73517609, -91.08494568, 47165000.0, -999.0, -999.0, -999.0, -999.0, 0.0, -999.0, -999.0, -999.0, -999.0, 0.0, -999.0, -999.0, -999.0, -999.0, 0.0, -999.0, -999.0, -999.0, -999.0, 0.0, -70.563797, -70.47653198, -41.79545593, -40.45238876, -11.62387085, -10.58455658, -10.74877167, -9.735176086, -999.0, -999.0, -999.0, -999.0], "check": "PASS"}, "ccdf": {}, "chp": {}, "acp": {}, "obw": [6399206.577, -21.01782296, 20000000.0, 1001.0, 3000000.0, 2503.031515, 8646978.833, 0.0], "spect": {}, "spur": {}}