{"sub_spur": [11.0, 1.0, 1.0, 2660000000.0, -79.4683609, -50.0, 1.0, 2.0, 2.0, 3050400000.0, -21.06551361, -50.0, 0.0, 3.0, 3.0, 3905000000.0, -83.10778046, -50.0, 1.0, 4.0, 5.0, 6100000000.0, -62.60028839, -50.0, 1.0, 5.0, 6.0, 7555200000.0, -79.36230469, -50.0, 1.0, 6.0, 6.0, 9540300000.0, -81.0242691, -50.0, 1.0, 7.0, 7.0, 12571000000.0, -76.69506073, -50.0, 1.0, 8.0, 8.0, 17430700000.0, -75.94784546, -50.0, 1.0, 9.0, 9.0, 17527300000.0, -76.79529572, -50.0, 1.0, 10.0, 10.0, 25984400000.0, -69.83292389, -50.0, 1.0, 11.0, 10.0, 19299800000.0, -74.80874634, -50.0, 1.0], "spur_mask": {"mask": [-999.0, -21.34976959, -999.0, -999.0, 3050000000.0, -999.0, -999.0, -999.0, -999.0, -999.0, -999.0, -999.0, -70.563797, -91.91356659, -2692883.895, -999.0, -999.0, -70.47653198, -91.82630157, 4026217.228, -999.0, -999.0, -71.69545746, -93.04522705, -13970000.0, -999.0, -999.0, -70.40238953, -91.75215912, 13985000.0, -999.0, -999.0, -71.4644928, -92.81426239, -29915000.0, -999.0, -999.0, -70.53768158, -91.88745117, 29975000.0, -999.0, -999.0, -70.74877167, -92.09854126, -46040000.0, -999.0, -999.0, -69.73517609, -91.08494568, 47165000.0, -999.0, -999.0, -999.0, -999.0, 0.0, -999.0, -999.0, -999.0, -999.0, 0.0, -999.0, -999.0, -999.0, -999.0, 0.0, -999.0, -999.0, -999.0, -999.0, 0.0, -70.563797, -70.47653198, -41.79545593, -40.45238876, -11.62387085, -10.58455658, -10.74877167, -9.735176086, -999.0, -999.0, -999.0, -999.0], "check": "PASS"}, "ccdf": {}, "chp": {}, "acp": {}, "obw": [6399206.577, -21.01782296, 20000000.0, 1001.0, 3000000.0, 2503.031515, 8646978.833, 0.0], "spect": {}, "spur": {}}