{"sub_spur": {}, "spur_mask": {"mask": [-999.0, -21.45388794, -999.0, -999.0, 3050000000.0, -999.0, -999.0, -999.0, -999.0, -999.0, -999.0, -999.0, -70.03972626, -91.4936142, -3816479.401, -999.0, -999.0, -70.24703217, -91.7009201, 3426966.292, -999.0, -999.0, -71.03858185, -92.49246979, -13985000.0, -999.0, -999.0, -70.79442596, -92.2483139, 14000000.0, -999.0, -999.0, -70.56359863, -92.01748657, -29915000.0, -999.0, -999.0, -70.49002838, -91.94391632, 29945000.0, -999.0, -999.0, -69.79782104, -91.25170898, -43880000.0, -999.0, -999.0, -69.59492493, -91.04881287, 35480000.0, -999.0, -999.0, -999.0, -999.0, 0.0, -999.0, -999.0, -999.0, -999.0, 0.0, -999.0, -999.0, -999.0, -999.0, 0.0, -999.0, -999.0, -999.0, -999.0, 0.0, -70.03972626, -70.24703217, -41.08858109, -40.79442596, -10.72297668, -10.59315491, -9.797821045, -9.594924927, -999.0, -999.0, -999.0, -999.0], "check": "PASS"}, "ccdf": {}, "chp": {}, "acp": {}, "obw": [6399021.877, -21.13612771, 20000000.0, 1001.0, 3000000.0, 2524.667961, 8645253.775, 0.0], "spect": {}, "spur": {}}