{"sub_spur": {}, "spur_mask": {"mask": [-999.0, -21.38819313, -999.0, -999.0, 3050000000.0, -999.0, -999.0, -999.0, -999.0, -999.0, -999.0, -999.0, -70.41968346, -91.80787659, -2258426.966, -999.0, -999.0, -70.56304741, -91.95124054, 3307116.105, -999.0, -999.0, -70.70450401, -92.09269714, -13880000.0, -999.0, -999.0, -70.20298576, -91.59117889, 13910000.0, -999.0, -999.0, -70.25744438, -91.64563751, -29855000.0, -999.0, -999.0, -70.45856285, -91.84675598, 29945000.0, -999.0, -999.0, -69.95676231, -91.34495544, -45995000.0, -999.0, -999.0, -69.73371696, -91.1219101, 33245000.0, -999.0, -999.0, -999.0, -999.0, 0.0, -999.0, -999.0, -999.0, -999.0, 0.0, -999.0, -999.0, -999.0, -999.0, 0.0, -999.0, -999.0, -999.0, -999.0, 0.0, -70.41968536, -70.56304932, -41.10450363, -40.50298691, -10.52931976, -10.56169128, -9.956764221, -9.733718872, -999.0, -999.0, -999.0, -999.0], "check": "PASS"}, "ccdf": {}, "chp": {}, "acp": {}, "obw": [6397630.196, -21.02328188, 20000000.0, 1001.0, 3000000.0, 2459.34211, 8641591.988, 0.0], "spect": {}, "spur": {}}