{"sub_spur": [10.0, 1.0, 1.0, 2676000000.0, -81.07061768, -50.0, 1.0, 2.0, 2.0, 3050400000.0, -21.12759399, -50.0, 0.0, 3.0, 3.0, 4367000000.0, -82.82415009, -50.0, 1.0, 4.0, 5.0, 6100000000.0, -62.87172318, -50.0, 1.0, 5.0, 6.0, 7563000000.0, -79.18201447, -50.0, 1.0, 6.0, 7.0, 12589400000.0, -76.63088989, -50.0, 1.0, 7.0, 8.0, 17418100000.0, -76.11849213, -50.0, 1.0, 8.0, 9.0, 17528700000.0, -76.47992706, -50.0, 1.0, 9.0, 10.0, 25992200000.0, -69.49651337, -50.0, 1.0, 10.0, 10.0, 18987800000.0, -75.0324707, -50.0, 1.0], "spur_mask": {"mask": [-999.0, -21.38819313, -999.0, -999.0, 3050000000.0, -999.0, -999.0, -999.0, -999.0, -999.0, -999.0, -999.0, -70.41968346, -91.80787659, -2258426.966, -999.0, -999.0, -70.56304741, -91.95124054, 3307116.105, -999.0, -999.0, -70.70450401, -92.09269714, -13880000.0, -999.0, -999.0, -70.20298576, -91.59117889, 13910000.0, -999.0, -999.0, -70.25744438, -91.64563751, -29855000.0, -999.0, -999.0, -70.45856285, -91.84675598, 29945000.0, -999.0, -999.0, -69.95676231, -91.34495544, -45995000.0, -999.0, -999.0, -69.73371696, -91.1219101, 33245000.0, -999.0, -999.0, -999.0, -999.0, 0.0, -999.0, -999.0, -999.0, -999.0, 0.0, -999.0, -999.0, -999.0, -999.0, 0.0, -999.0, -999.0, -999.0, -999.0, 0.0, -70.41968536, -70.56304932, -41.10450363, -40.50298691, -10.52931976, -10.56169128, -9.956764221, -9.733718872, -999.0, -999.0, -999.0, -999.0], "check": "PASS"}, "ccdf": {}, "chp": {}, "acp": {}, "obw": [6397630.196, -21.02328188, 20000000.0, 1001.0, 3000000.0, 2459.34211, 8641591.988, 0.0], "spect": {}, "spur": {}}